Prix,Pi√®ces,Bains,Surface,Gouvernorat
1450,4,1,140,Ariana
720,3,1,90,Ariana
650,3,1,90,Ariana
500,2,1,60,Ariana
750,3,1,100,Ariana
1100,3,1,100,Ariana
1400,3,2,100,Ariana
850,4,1,134,Ariana
500,3,1,90,Ariana
870,2,1,64,Ariana
1100,3,1,100,Ariana
1500,3,1,100,Ariana
1450,2,1,85,Ariana
800,2,1,70,Ariana
600,3,1,100,Ariana
600,3,1,100,Ariana
1000,1,1,55,Ariana
1350,5,1,170,Ariana
650,3,1,74,Ariana
600,2,1,70,Ariana
1750,3,1,87,Ariana
650,2,1,70,Ariana
850,3,1,100,Ariana
570,3,1,100,Ariana
900,3,1,100,Ariana
1500,4,1,140,Ariana
650,3,1,100,Ariana
750,3,1,100,Ariana
540,3,1,100,Ariana
600,3,1,70,Ariana
550,3,1,90,Ariana
600,3,1,70,Ariana
800,2,1,70,Ariana
370,2,1,60,Ariana
1000,3,1,100,Ariana
950,2,1,70,Ariana
650,3,1,100,Ariana
350,2,1,70,Ariana
1100,3,1,100,Ariana
900,1,1,66,Ariana
300,1,1,40,Ariana
500,3,1,90,Ariana
1150,2,1,70,Ariana
1400,4,2,120,Ariana
850,2,1,100,Ariana
110,3,1,70,Ariana
1400,4,2,140,Ariana
1200,2,1,77,Ariana
1000,2,1,70,Ariana
2000,3,2,172,Ariana
600,3,1,140,Ariana
800,4,1,100,Ariana
1250,2,1,70,Ariana
650,2,1,70,Ariana
1100,2,1,70,Ariana
600,3,1,100,Ariana
650,3,1,300,Ariana
1280,2,1,55,Ariana
1350,3,1,110,Ariana
1050,3,1,100,Ariana
1400,4,1,140,Ariana
1500,3,1,100,Ariana
1300,3,1,100,Ariana
900,3,1,100,Ariana
1300,4,1,140,Ariana
550,3,1,100,Ariana
480,2,1,70,Ariana
600,4,1,140,Ariana
900,3,1,100,Ariana
900,4,0,2,Ariana
550,2,1,100,Ariana
500,3,1,90,Ariana
750,3,104,100,Ariana
1050,2,1,70,Ariana
1100,4,1,120,Ariana
600,3,1,110,Ariana
1650,4,2,130,Ariana
1350,4,1,120,Ariana
90,2,1,90,Ariana
1100,2,1,70,Ariana
550,3,1,110,Ariana
550,3,1,90,Ariana
550,2,1,90,Ariana
600,4,1,0,Ariana
800,4,1,0,Ariana
500,3,1,0,Ariana
600,3,1,0,Ariana
350,1,1,0,Ariana
850,3,1,0,Ariana
370,3,1,0,Ariana
330,2,1,0,Ariana
950,3,1,0,Ariana
680,2,1,0,Ariana
800,3,1,0,Ariana
600,3,1,0,Ariana
1050,2,1,0,Ariana
650,4,0,120,Ariana
850,2,1,60,Ariana
350,3,1,100,Ariana
750,4,1,120,Ariana
430,2,1,60,Ariana
700,4,1,120,Ariana
950,2,1,60,Ariana
1050,3,1,90,Ariana
650,3,1,90,Ariana
1600,3,1,90,Ariana
1050,2,1,60,Ariana
1300,3,1,90,Ariana
600,3,1,90,Ariana
1000,3,1,90,Ariana
550,1,1,50,Ariana
650,3,1,90,Ariana
650,2,1,60,Ariana
1400,3,1,90,Ariana
1120,2,1,60,Ariana
1000,2,1,60,Ariana
750,2,1,60,Ariana
900,4,1,120,Ariana
1580,3,1,101,Ariana
480,2,1,60,Ariana
1500,4,1,120,Ariana
1600,4,2,120,Ariana
800,2,1,60,Ariana
550,2,1,60,Ariana
950,2,1,80,Ariana
650,4,1,120,Ariana
700,3,1,90,Ariana
1300,3,1,90,Ariana
950,2,1,60,Ariana
950,2,1,60,Ariana
600,4,1,120,Ariana
1300,3,1,90,Ariana
650,3,1,90,Ariana
5002,1,60,60,Ariana
500,3,1,90,Ariana
1200,4,1,120,Ariana
900,3,1,90,Ariana
900,4,1,140,Ariana
1250,3,1,90,Ariana
1500,4,1,184,Ariana
500,3,1,90,Ariana
650,3,1,90,Ariana
450,4,1,120,Ariana
550,2,1,60,Ariana
700,4,1,120,Ariana
500,2,1,60,Ariana
650,4,1,120,Ariana
1200,5,1,80,Ariana
650,3,1,90,Ariana
800,3,1,90,Ariana
750,4,1,140,Ariana
400,3,1,90,Ariana
650,4,1,120,Ariana
700,4,1,120,Ariana
500,4,1,120,Ariana
1300,3,1,90,Ariana
1300,3,1,120,Ariana
1200,2,1,60,Ariana
1500,4,1,129,Ariana
1800,5,1,182,Ariana
1250,5,1,140,Ariana
900,2,1,60,Ariana
820,2,1,60,Ariana
1000,2,1,60,Ariana
1100,2,1,60,Ariana
1300,3,1,90,Ariana
800,3,1,90,Ariana
1080,2,1,70,Ariana
1350,3,1,100,Ariana
1350,3,1,90,Ariana
1200,3,1,90,Ariana
600,3,1,90,Ariana
700,4,1,120,Ariana
950,1,1,50,Ariana
1560,3,1,90,Ariana
900,3,1,90,Ariana
450,2,1,60,Ariana
1400,3,1,90,Ariana
750,4,1,120,Ariana
1200,2,1,60,Ariana
800,3,1,90,Ariana
850,2,1,60,Ariana
650,3,1,90,Ariana
450,3,1,90,Ariana
800,3,1,90,Ariana
950,3,1,90,Ariana
800,4,1,120,Ariana
800,4,1,120,Ariana
550,3,1,90,Ariana
450,3,1,90,Ariana
550,4,1,120,Ariana
930,3,1,90,Ariana
1100,3,1,90,Ariana
1000,4,1,120,Ariana
780,2,1,60,Ariana
450,2,1,60,Ariana
1100,4,1,135,Ariana
900,3,1,90,Ariana
1450,4,1,120,Ariana
500,4,1,120,Ariana
1200,4,1,120,Ariana
650,3,1,90,Ariana
600,4,1,120,Ariana
850,2,1,60,Ariana
1200,4,1,120,Ariana
800,2,1,60,Ariana
580,4,1,120,Ariana
700,3,1,90,Ariana
1400,3,1,90,Ariana
850,4,1,120,Ariana
750,3,1,90,Ariana
320,3,1,60,Ariana
780,3,1,90,Ariana
750,2,1,60,Ariana
900,2,1,60,Ariana
950,3,1,90,Ariana
700,5,1,145,Ariana
750,2,1,60,Ariana
580,3,1,90,Ariana
750,4,1,125,Ariana
650,3,1,90,Ariana
700,4,1,120,Ariana
870,4,2,120,Ariana
320,3,1,60,Ariana
540,3,1,90,Ariana
1850,5,1,136,Ariana
850,3,1,100,Ariana
550,3,1,90,Ariana
850,3,1,90,Ariana
620,3,1,90,Ariana
400,3,1,90,Ariana
520,3,1,80,Ariana
950,3,1,90,Ariana
900,3,1,90,Ariana
1100,3,1,90,Ariana
800,3,1,140,Ariana
850,3,1,98,Ariana
800,3,1,90,Ariana
450,2,1,70,Ariana
1000,3,1,90,Ariana
900,3,1,0,Ariana
1300,3,1,90,Ariana
600,4,1,120,Ariana
800,3,1,90,Ariana
700,3,1,90,Ariana
600,3,1,110,Ariana
730,4,1,130,Ariana
350,2,1,60,Ariana
1200,2,1,60,Ariana
1100,2,1,70,Ariana
1100,2,1,70,Ariana
1200,2,1,70,Ariana
380,2,1,70,Ariana
870,3,1,90,Ariana
1100,4,1,140,Ariana
460,3,1,90,Ariana
950,2,1,100,Ariana
370,3,1,90,Ariana
420,2,1,60,Ariana
450,2,1,70,Ariana
570,3,1,90,Ariana
850,3,1,90,Ariana
1000,3,1,114,Ariana
290,2,1,70,Ariana
880,2,1,90,Ariana
1200,4,1,180,Ariana
750,3,1,90,Ariana
1111,2,1,70,Ariana
1200,2,1,70,Ariana
800,3,1,140,Ariana
600,3,1,90,Ariana
500,3,1,100,Ariana
900,3,1,100,Ariana
750,4,1,120,Ariana
550,3,1,90,Ariana
800,3,1,97,Ariana
1000,3,1,90,Ariana
600,2,1,70,Ariana
360,1,1,40,Ariana
600,2,1,70,Ariana
600,2,1,70,Ariana
540,3,1,100,Ariana
500,2,1,70,Ariana
280,2,1,70,Ariana
750,3,1,90,Ariana
1100,3,1,120,Ariana
350,3,1,90,Ariana
700,3,1,140,Ariana
350,2,1,60,Ariana
850,2,1,70,Ariana
800,2,1,60,Ariana
500,2,1,60,Ariana
850,3,1,90,Ariana
900,3,1,90,Ariana
850,2,1,60,Ariana
650,3,1,100,Ariana
890,2,1,70,Ariana
750,3,1,97,Ariana
250,1,1,0,Ariana
650,4,1,120,Ariana
650,3,1,90,Ariana
500,3,1,100,Ariana
280,2,1,70,Ariana
300,2,1,70,Ariana
420,1,1,50,Ariana
350,2,1,60,Ariana
900,3,1,90,Ariana
450,3,1,0,Ariana
600,3,1,100,Ariana
850,4,1,120,Ariana
950,3,1,90,Ariana
780,3,1,90,Ariana
950,4,1,120,Ariana
1400,4,1,120,Ariana
1350,4,1,140,Ariana
300,2,1,70,Ariana
370,1,1,40,Ariana
680,4,1,120,Ariana
300,3,1,90,Ariana
1280,3,1,75,Ariana
460,1,1,50,Ariana
380,2,1,60,Ariana
500,2,1,70,Ariana
750,3,2,100,Ariana
400,2,1,70,Ariana
380,1,1,50,Ariana
350,2,1,70,Ariana
300,2,1,60,Ariana
320,1,1,50,Ariana
550,4,1,120,Ariana
450,3,1,100,Ariana
400,3,1,1,Ariana
750,3,1,90,Ariana
600,3,1,100,Ariana
560,2,1,65,Ariana
650,3,1,100,Ariana
550,2,1,60,Ariana
550,2,1,60,Ariana
1200,5,2,113,Ariana
500,3,1,100,Ariana
1000,3,1,90,Ariana
350,2,1,60,Ariana
750,4,1,120,Ariana
700,2,1,80,Ariana
450,2,1,60,Ariana
500,2,1,60,Ariana
650,4,1,120,Ariana
500,2,1,60,Ariana
500,3,1,100,Ariana
700,3,1,100,Ariana
680,2,1,70,Ariana
780,2,1,70,Ariana
900,3,1,90,Ariana
900,3,1,100,Ariana
500,2,1,70,Ariana
850,2,1,60,Ariana
300,2,1,60,Ariana
950,2,1,60,Ariana
800,3,1,90,Ariana
600,3,1,100,Ariana
750,2,1,60,Ariana
440,3,1,65,Ariana
480,3,1,100,Ariana
450,3,1,90,Ariana
450,2,1,60,Ariana
650,3,1,90,Ariana
450,3,1,120,Ariana
350,3,1,90,Ariana
450,2,1,60,Ariana
600,3,1,100,Ariana
250,3,1,90,Ariana
700,3,1,90,Ariana
300,1,1,50,Ariana
380,3,1,90,Ariana
450,2,1,60,Ariana
850,2,1,60,Ariana
1400,4,1,140,Ariana
850,2,1,60,Ariana
700,4,2,120,Ariana
700,4,2,120,Ariana
750,3,1,90,Ariana
750,1,1,45,Ariana
700,3,1,90,Ariana
380,2,1,70,Ariana
350,2,1,80,Ariana
600,2,1,60,Ariana
850,3,1,100,Ariana
600,3,1,110,Ariana
700,2,1,100,Ariana
700,3,1,100,Ariana
900,3,1,90,Ariana
330,2,1,70,Ariana
800,3,1,100,Ariana
200,1,1,40,Ariana
1100,3,1,100,Ariana
450,3,1,100,Ariana
900,3,1,100,Ariana
900,3,1,100,Ariana
600,2,1,70,Ariana
570,3,1,90,Ariana
500,3,1,90,Ariana
550,3,1,90,Ariana
550,3,1,90,Ariana
1300,3,1,110,Ariana
900,2,1,80,Ariana
950,4,1,140,Ariana
300,2,1,0,Ariana
650,2,1,60,Ariana
500,3,1,100,Ariana
400,2,1,70,Ariana
650,3,1,90,Ariana
700,2,1,60,Ariana
700,3,1,90,Ariana
900,3,1,90,Ariana
750,4,1,120,Ariana
450,2,1,60,Ariana
550,3,1,100,Ariana
550,2,1,60,Ariana
550,3,1,90,Ariana
750,3,1,100,Ariana
600,3,1,100,Ariana
550,3,1,75,Ariana
850,3,1,100,Ariana
450,2,1,60,Ariana
470,3,1,90,Ariana
770,4,1,120,Ariana
650,2,1,60,Ariana
650,2,1,70,Ariana
570,3,1,100,Ariana
580,3,1,90,Ariana
800,2,1,90,Ariana
800,2,1,70,Ariana
650,4,1,120,Ariana
700,4,1,120,Ariana
450,2,1,60,Ariana
330,1,1,90,Ariana
500,3,1,90,Ariana
450,2,1,60,Ariana
490,3,1,90,Ariana
600,3,1,120,Ariana
750,3,1,90,Ariana
750,3,1,90,Ariana
550,4,1,90,Ariana
600,3,1,90,Ariana
230,3,1,90,Ariana
280,2,1,60,Ariana
520,3,1,90,Ariana
500,3,1,90,Ariana
480,3,1,90,Ariana
1000,4,1,120,Ariana
400,1,1,50,Ariana
670,3,1,90,Ariana
600,2,1,60,Ariana
600,1,1,140,Ariana
650,2,1,60,Ariana
650,4,1,120,Ariana
750,4,1,160,Ariana
900,2,1,60,Ariana
1200,3,1,90,Ariana
780,3,1,90,Ariana
550,2,1,60,Ariana
300,2,1,60,Ariana
950,3,1,90,Ariana
950,4,1,140,Ariana
600,3,1,100,Ariana
400,2,1,70,Ariana
700,2,1,60,Ariana
700,2,1,70,Ariana
450,2,1,70,Ariana
400,2,1,60,Ariana
650,2,1,60,Ariana
380,1,1,40,Ariana
450,3,1,90,Ariana
850,2,1,60,Ariana
850,2,1,60,Ariana
800,2,1,60,Ariana
800,3,1,90,Ariana
850,3,1,110,Ariana
730,3,1,100,Ariana
850,2,1,60,Ariana
750,3,2,100,Ariana
600,3,1,90,Ariana
1200,3,1,120,Ariana
580,3,1,90,Ariana
850,4,1,120,Ariana
750,3,1,100,Ariana
700,1,1,50,Ariana
850,3,1,90,Ariana
550,3,1,90,Ariana
750,3,1,90,Ariana
750,4,1,120,Ariana
490,2,1,90,Ariana
950,4,1,120,Ariana
400,2,1,60,Ariana
900,2,1,50,Ariana
450,3,1,0,Ariana
500,3,1,90,Ariana
550,3,1,90,Ariana
400,2,1,0,Ariana
950,3,1,90,Ariana
1000,4,1,120,Ariana
600,3,1,110,Ariana
1300,3,1,130,Ariana
1300,4,1,140,Ariana
850,4,1,120,Ariana
850,3,1,100,Ariana
500,2,1,70,Ariana
700,2,1,60,Ariana
650,2,1,110,Ariana
400,2,1,60,Ariana
470,4,1,140,Ariana
950,3,1,90,Ariana
750,3,1,90,Ariana
250,4,1,150,Ben Arous
380,3,1,70,Ben Arous
600,3,1,90,Ben Arous
400,2,1,60,Ben Arous
1050,4,2,140,Ben Arous
450,3,1,70,Ben Arous
500,3,1,90,Ben Arous
430,2,1,70,Ben Arous
700,3,1,100,Ben Arous
700,3,1,100,Ben Arous
1000,3,1,100,Ben Arous
680,3,1,100,Ben Arous
350,3,1,100,Ben Arous
800,3,1,100,Ben Arous
750,3,1,120,Ben Arous
440,2,1,70,Ben Arous
850,3,1,90,Ben Arous
500,2,1,70,Ben Arous
850,3,1,100,Ben Arous
250,1,1,40,Ben Arous
650,3,1,90,Ben Arous
570,4,1,100,Ben Arous
750,3,1,100,Ben Arous
650,1,1,40,Ben Arous
700,3,1,100,Ben Arous
600,3,1,100,Ben Arous
520,2,1,70,Ben Arous
650,5,1,140,Ben Arous
630,4,1,120,Ben Arous
450,3,1,100,Ben Arous
300,2,1,60,Ben Arous
850,4,1,140,Ben Arous
500,3,1,90,Ben Arous
250,1,1,0,Ben Arous
320,3,1,0,Ben Arous
400,4,1,0,Ben Arous
460,4,1,0,Ben Arous
480,4,1,0,Ben Arous
380,2,1,0,Ben Arous
550,3,1,0,Ben Arous
850,3,1,90,Ben Arous
500,4,1,120,Ben Arous
1000,3,1,90,Ben Arous
750,4,1,120,Ben Arous
580,3,1,90,Ben Arous
500,3,1,90,Ben Arous
1250,3,1,125,Ben Arous
1100,3,1,90,Ben Arous
600,4,1,100,Ben Arous
240,2,1,60,Ben Arous
950,3,1,90,Ben Arous
800,3,1,90,Ben Arous
1250,4,1,120,Ben Arous
1000,2,1,60,Ben Arous
500,2,1,60,Ben Arous
550,3,1,90,Ben Arous
850,3,1,90,Ben Arous
750,4,1,120,Ben Arous
620,3,1,90,Ben Arous
850,3,1,110,Ben Arous
650,3,1,90,Ben Arous
1000,4,1,120,Ben Arous
550,3,1,100,Ben Arous
350,2,1,60,Ben Arous
650,3,1,90,Ben Arous
600,2,1,68,Ben Arous
800,2,1,60,Ben Arous
420,2,1,60,Ben Arous
650,3,1,100,Ben Arous
500,3,1,90,Ben Arous
850,3,1,90,Ben Arous
600,3,1,90,Ben Arous
680,3,1,92,Ben Arous
550,3,1,90,Ben Arous
700,3,1,90,Ben Arous
900,3,1,110,Ben Arous
550,2,1,60,Ben Arous
650,3,1,90,Ben Arous
300,1,1,50,Ben Arous
220,2,1,65,Ben Arous
930,3,1,110,Ben Arous
700,4,1,120,Ben Arous
650,4,1,100,Ben Arous
800,5,1,140,Ben Arous
750,4,1,120,Ben Arous
650,3,1,90,Ben Arous
1100,3,1,90,Ben Arous
750,4,2,140,Ben Arous
400,2,1,60,Ben Arous
450,3,1,90,Ben Arous
400,3,1,90,Ben Arous
500,4,1,120,Ben Arous
620,3,1,100,Ben Arous
500,3,1,100,Ben Arous
550,3,1,90,Ben Arous
600,3,1,90,Ben Arous
400,3,1,90,Ben Arous
700,3,1,120,Ben Arous
600,3,1,90,Ben Arous
500,4,1,120,Ben Arous
450,4,1,120,Ben Arous
450,4,1,110,Ben Arous
450,3,1,100,Ben Arous
850,3,1,90,Ben Arous
550,3,1,90,Ben Arous
550,3,1,90,Ben Arous
570,3,1,100,Ben Arous
320,3,1,90,Ben Arous
350,3,1,90,Ben Arous
350,2,1,70,Ben Arous
1300,4,2,120,Ben Arous
950,4,1,120,Ben Arous
950,3,1,90,Ben Arous
600,4,1,120,Ben Arous
350,2,1,60,Ben Arous
500,3,1,80,Ben Arous
750,3,1,100,Ben Arous
400,3,1,80,Ben Arous
500,3,1,90,Ben Arous
600,3,1,90,Ben Arous
600,2,1,68,Ben Arous
500,3,1,90,Ben Arous
700,3,1,100,Ben Arous
600,3,1,90,Ben Arous
450,4,1,100,Ben Arous
500,4,1,120,Ben Arous
980,4,1,160,Ben Arous
500,2,1,70,Ben Arous
600,4,1,130,Ben Arous
600,3,1,90,Ben Arous
500,3,1,90,Ben Arous
830,4,1,120,Ben Arous
650,3,1,100,Ben Arous
950,3,1,110,Ben Arous
650,3,1,90,Ben Arous
650,3,1,90,Ben Arous
550,3,1,90,Ben Arous
250,1,1,50,Ben Arous
650,3,1,90,Ben Arous
450,3,1,90,Ben Arous
850,2,1,70,Ben Arous
550,3,1,100,Ben Arous
500,3,1,100,Ben Arous
300,2,1,90,Ben Arous
370,1,1,50,Ben Arous
250,2,1,70,Ben Arous
1400,5,1,140,Ben Arous
450,2,1,60,Ben Arous
800,3,1,90,Ben Arous
500,4,1,120,Ben Arous
600,4,1,100,Ben Arous
500,3,1,100,Ben Arous
500,3,1,90,Ben Arous
550,3,1,90,Ben Arous
550,3,1,90,Ben Arous
570,3,1,90,Ben Arous
450,3,1,80,Ben Arous
450,3,1,0,Ben Arous
350,2,1,70,Ben Arous
400,2,1,70,Ben Arous
500,3,1,90,Ben Arous
450,3,1,90,Ben Arous
400,2,1,400,Ben Arous
500,3,1,100,Ben Arous
450,3,1,90,Ben Arous
490,3,1,0,Ben Arous
450,3,1,90,Ben Arous
500,3,1,100,Ben Arous
480,3,1,90,Ben Arous
690,3,1,100,Ben Arous
380,2,1,70,Ben Arous
580,3,1,90,Ben Arous
400,3,1,90,Ben Arous
750,2,1,60,Ben Arous
600,4,1,120,Ben Arous
450,3,1,90,Ben Arous
450,3,1,0,Ben Arous
580,3,1,100,Ben Arous
600,3,1,100,Ben Arous
800,4,1,120,Ben Arous
500,1,1,40,Ben Arous
290,1,1,50,Ben Arous
500,3,1,90,Ben Arous
600,3,1,90,Ben Arous
500,3,1,0,Ben Arous
400,2,1,60,Ben Arous
600,4,1,120,Ben Arous
700,4,1,120,Ben Arous
550,4,1,120,Ben Arous
550,3,1,85,Ben Arous
270,2,1,60,Ben Arous
400,3,1,93,Ben Arous
750,4,1,120,Ben Arous
400,2,1,70,Ben Arous
700,3,1,90,Ben Arous
750,3,1,90,Ben Arous
650,3,1,90,Ben Arous
890,3,1,90,Ben Arous
550,3,1,90,Ben Arous
450,3,1,100,Ben Arous
600,3,1,100,Ben Arous
550,3,1,90,Ben Arous
350,3,1,90,Ben Arous
580,4,1,160,Ben Arous
700,4,1,120,Ben Arous
330,2,1,80,Ben Arous
490,3,1,100,Ben Arous
450,2,1,65,Ben Arous
400,1,1,40,Ben Arous
700,4,1,120,Ben Arous
700,3,1,140,Ben Arous
520,3,1,90,Ben Arous
450,3,1,90,Ben Arous
500,3,1,90,Ben Arous
500,3,1,90,Ben Arous
850,3,1,115,Ben Arous
850,3,1,90,Ben Arous
500,2,1,70,Ben Arous
500,2,1,60,Ben Arous
500,2,1,60,Ben Arous
640,4,1,100,Ben Arous
750,3,1,123,Ben Arous
450,3,1,100,Ben Arous
350,1,1,50,Ben Arous
300,2,1,60,Ben Arous
370,3,1,70,Ben Arous
650,3,1,90,Ben Arous
450,4,1,120,Ben Arous
430,2,1,0,Ben Arous
550,4,1,140,Ben Arous
550,3,1,90,Ben Arous
400,2,1,40,Ben Arous
500,2,1,60,Ben Arous
450,3,1,0,Ben Arous
400,2,1,60,Ben Arous
780,3,1,90,Ben Arous
550,4,1,130,Ben Arous
600,2,1,60,Ben Arous
1200,4,1,140,Ben Arous
550,3,1,90,Ben Arous
600,3,1,0,Ben Arous
650,3,1,90,Ben Arous
370,2,1,70,Ben Arous
650,3,1,90,Ben Arous
650,3,1,90,Ben Arous
750,3,1,90,Ben Arous
500,3,1,0,Ben Arous
500,3,1,90,Ben Arous
400,2,1,60,Ben Arous
500,2,1,80,Ben Arous
750,4,1,140,Bizerte
300,2,1,40,Bizerte
300,2,1,70,Bizerte
350,1,1,50,Bizerte
350,2,1,70,Bizerte
250,2,1,70,Bizerte
500,3,1,0,Bizerte
900,3,1,0,Bizerte
600,3,1,0,Bizerte
650,3,1,90,Bizerte
420,3,1,90,Bizerte
470,3,1,90,Bizerte
350,3,1,90,Bizerte
350,3,1,90,Bizerte
390,3,1,100,Bizerte
450,2,1,60,Bizerte
250,1,1,40,Bizerte
530,3,1,90,Bizerte
900,4,1,120,Bizerte
450,3,1,100,Bizerte
650,3,1,100,Bizerte
560,2,1,60,Bizerte
350,2,1,70,Bizerte
650,3,1,90,Bizerte
1100,4,1,140,La Manouba
500,2,1,60,La Manouba
300,1,1,40,La Manouba
650,2,1,90,La Manouba
700,4,2,140,La Manouba
680,3,1,90,La Manouba
380,3,1,100,La Manouba
400,2,1,70,La Manouba
800,3,1,100,La Manouba
620,3,1,100,La Manouba
450,2,1,100,La Manouba
300,2,1,60,La Manouba
500,3,1,100,La Manouba
450,3,1,0,La Manouba
350,3,1,80,La Manouba
330,2,1,60,La Manouba
850,3,1,100,La Manouba
700,3,1,100,La Manouba
680,3,1,90,La Manouba
150,1,1,50,La Manouba
750,3,1,100,La Manouba
600,3,1,100,La Manouba
700,4,1,140,La Manouba
750,3,1,100,La Manouba
600,3,1,0,La Manouba
550,5,1,140,La Manouba
560,2,1,60,La Manouba
400,3,1,82,La Manouba
420,2,1,70,La Manouba
650,2,1,70,La Manouba
380,4,1,120,La Manouba
600,4,1,120,La Manouba
650,3,1,0,La Manouba
800,4,1,147,La Manouba
650,4,1,120,La Manouba
400,2,1,60,La Manouba
300,2,1,60,La Manouba
500,2,1,60,La Manouba
350,2,1,65,La Manouba
630,3,1,80,La Manouba
600,4,1,0,La Manouba
350,1,1,50,La Manouba
1600,5,2,230,La Manouba
720,4,2,100,La Manouba
750,3,1,110,La Manouba
600,3,1,90,La Manouba
730,3,1,90,La Manouba
700,3,1,150,La Manouba
800,3,1,85,La Manouba
650,2,1,83,La Manouba
650,2,1,63,La Manouba
400,3,1,70,La Manouba
450,3,1,90,La Manouba
750,3,1,90,La Manouba
800,4,1,132,La Manouba
470,2,1,60,La Manouba
750,3,1,90,La Manouba
750,2,1,60,La Manouba
750,2,1,70,La Manouba
800,2,1,97,La Manouba
650,4,1,120,La Manouba
430,2,1,70,La Manouba
580,3,1,90,La Manouba
600,3,1,90,La Manouba
550,3,1,100,La Manouba
950,4,2,140,La Manouba
850,3,1,90,La Manouba
650,3,1,100,La Manouba
650,2,1,65,La Manouba
800,2,1,90,La Manouba
850,3,1,90,La Manouba
600,3,2,80,La Manouba
750,3,1,100,La Manouba
600,3,1,90,La Manouba
600,3,1,130,La Manouba
700,3,1,138,La Manouba
750,3,1,90,La Manouba
600,3,2,90,La Manouba
1200,3,2,100,La Manouba
900,3,1,117,La Manouba
800,3,1,82,La Manouba
1100,3,1,127,La Manouba
450,4,2,120,La Manouba
700,2,1,70,La Manouba
600,2,1,60,La Manouba
600,3,1,90,La Manouba
900,3,1,90,La Manouba
370,3,1,60,La Manouba
400,2,1,50,La Manouba
350,1,1,64,La Manouba
500,3,1,90,La Manouba
600,4,2,120,La Manouba
600,2,1,60,La Manouba
900,3,1,90,La Manouba
1200,3,1,110,La Manouba
850,3,1,90,La Manouba
500,3,1,90,La Manouba
800,4,2,120,La Manouba
900,2,1,70,La Manouba
700,4,1,140,La Manouba
550,3,1,90,La Manouba
550,2,1,90,La Manouba
550,2,1,70,La Manouba
500,3,1,90,La Manouba
350,2,1,70,La Manouba
500,2,1,60,La Manouba
750,2,2,80,La Manouba
500,4,1,120,La Manouba
400,3,1,86,La Manouba
570,3,0,104,La Manouba
600,2,1,70,La Manouba
950,4,1,120,La Manouba
700,3,1,100,La Manouba
650,4,1,140,La Manouba
750,3,1,100,La Manouba
450,3,1,100,La Manouba
650,3,1,90,La Manouba
700,3,1,100,La Manouba
300,1,1,50,La Manouba
280,1,1,50,La Manouba
500,3,1,90,La Manouba
450,3,1,90,La Manouba
500,3,1,120,La Manouba
350,2,1,70,La Manouba
600,3,1,90,La Manouba
600,3,1,100,La Manouba
650,3,1,90,La Manouba
600,3,1,90,La Manouba
900,4,1,120,La Manouba
680,2,1,70,La Manouba
450,2,1,50,La Manouba
800,2,1,70,La Manouba
850,3,1,100,La Manouba
650,3,1,102,La Manouba
600,3,1,105,La Manouba
750,3,1,90,La Manouba
700,3,1,90,La Manouba
400,1,1,60,La Manouba
450,1,1,50,La Manouba
750,3,1,90,La Manouba
350,2,1,50,La Manouba
600,3,1,90,La Manouba
1000,4,1,120,La Manouba
520,3,1,85,La Manouba
600,3,1,100,La Manouba
800,3,1,100,La Manouba
750,2,1,70,La Manouba
700,2,1,60,La Manouba
520,3,1,90,La Manouba
600,3,1,90,La Manouba
700,4,1,120,La Manouba
500,3,1,90,La Manouba
820,3,1,90,La Manouba
450,2,1,60,La Manouba
650,4,2,120,La Manouba
700,2,1,60,La Manouba
850,3,1,90,La Manouba
650,3,1,80,La Manouba
750,4,1,130,La Manouba
700,2,1,70,La Manouba
700,3,1,90,La Manouba
900,3,1,100,La Manouba
600,3,1,90,La Manouba
380,2,1,70,La Manouba
670,3,1,100,La Manouba
650,3,1,90,La Manouba
640,3,1,90,La Manouba
700,3,0,90,La Manouba
350,2,1,70,La Manouba
500,2,1,50,La Manouba
830,4,2,120,La Manouba
800,3,1,100,La Manouba
800,3,1,90,La Manouba
700,4,1,125,La Manouba
850,3,1,100,La Manouba
750,3,1,70,La Manouba
700,2,1,80,La Manouba
700,2,1,70,La Manouba
500,3,1,90,La Manouba
480,2,1,100,La Manouba
1000,4,1,124,La Manouba
360,2,1,60,La Manouba
730,3,1,90,La Manouba
380,2,1,70,La Manouba
450,2,1,70,La Manouba
650,3,1,100,La Manouba
650,3,1,100,La Manouba
350,2,1,60,La Manouba
300,2,1,70,La Manouba
750,3,1,90,La Manouba
330,2,1,60,La Manouba
650,3,1,175,La Manouba
700,3,1,75,La Manouba
700,2,1,60,La Manouba
600,3,1,90,La Manouba
200,1,1,50,La Manouba
850,3,1,90,La Manouba
700,2,1,60,La Manouba
380,2,1,70,La Manouba
470,4,1,90,La Manouba
800,4,1,120,La Manouba
550,2,1,70,La Manouba
550,3,1,90,La Manouba
600,3,1,100,La Manouba
700,3,1,90,La Manouba
550,3,1,90,La Manouba
600,3,1,100,La Manouba
600,3,1,90,La Manouba
570,3,1,90,La Manouba
650,3,1,110,La Manouba
800,3,1,90,Monastir
450,3,1,100,Monastir
350,3,1,100,Monastir
650,3,1,100,Monastir
470,2,1,0,Monastir
240,2,1,60,Monastir
600,3,1,100,Monastir
300,2,1,60,Monastir
500,3,1,90,Monastir
350,3,1,100,Monastir
400,2,1,70,Monastir
400,2,1,60,Monastir
370,2,1,70,Monastir
450,2,1,70,Monastir
400,3,1,90,Monastir
600,3,1,90,Monastir
550,3,1,100,Monastir
550,2,1,40,Monastir
450,4,1,140,Monastir
700,4,1,123,Monastir
350,2,1,60,Monastir
800,4,1,120,Monastir
400,2,1,65,Monastir
400,3,1,100,Monastir
650,3,1,80,Monastir
450,2,1,60,Monastir
400,1,1,40,Monastir
550,3,1,100,Monastir
550,4,1,140,Nabeul
500,3,1,100,Nabeul
500,3,1,70,Nabeul
450,3,1,100,Nabeul
120,2,1,70,Nabeul
120,2,1,70,Nabeul
600,2,1,70,Nabeul
450,3,1,100,Nabeul
750,3,1,1,Nabeul
500,3,1,100,Nabeul
1000,3,1,100,Nabeul
900,3,1,100,Nabeul
360,3,1,80,Nabeul
800,3,1,100,Nabeul
850,2,1,40,Nabeul
400,2,1,90,Nabeul
750,3,1,100,Nabeul
270,3,1,90,Nabeul
450,3,1,90,Nabeul
120,3,1,60,Nabeul
850,3,1,90,Nabeul
330,3,1,90,Nabeul
700,4,1,120,Nabeul
800,3,1,90,Nabeul
1200,3,1,90,Nabeul
1000,3,1,90,Nabeul
500,2,1,60,Nabeul
750,3,1,90,Nabeul
350,3,1,90,Nabeul
750,4,1,120,Nabeul
750,3,1,90,Nabeul
350,3,1,90,Nabeul
500,2,1,60,Nabeul
330,3,1,90,Nabeul
500,2,1,60,Nabeul
430,3,1,90,Nabeul
170,2,1,70,Nabeul
450,3,1,90,Nabeul
850,5,2,120,Nabeul
700,4,1,120,Nabeul
300,2,1,90,Nabeul
280,2,1,90,Nabeul
330,2,1,60,Nabeul
300,3,1,90,Nabeul
230,2,1,90,Nabeul
400,3,1,90,Nabeul
450,2,1,60,Nabeul
550,3,1,90,Nabeul
450,4,1,0,Nabeul
500,2,1,60,Nabeul
500,3,1,100,Nabeul
550,3,1,90,Nabeul
420,3,1,90,Nabeul
550,3,1,90,Nabeul
420,3,1,100,Nabeul
450,3,1,90,Nabeul
450,3,1,90,Nabeul
650,4,1,120,Nabeul
450,2,1,60,Nabeul
650,4,1,120,Nabeul
860,3,1,90,Sfax
520,3,1,90,Sfax
600,4,1,100,Sfax
500,4,1,120,Sfax
800,3,1,100,Sfax
650,3,1,100,Sfax
450,4,1,140,Sfax
1000,3,1,100,Sfax
140,3,1,100,Sfax
400,3,1,90,Sfax
600,4,1,160,Sfax
350,3,0,1,Sfax
350,3,1,100,Sfax
270,2,1,70,Sfax
370,3,1,1,Sfax
430,2,1,70,Sfax
360,2,1,70,Sfax
320,3,1,100,Sfax
900,4,1,140,Sfax
90,2,1,70,Sfax
1234,2,1,70,Sfax
600,2,1,0,Sfax
600,2,1,70,Sfax
350,1,1,0,Sfax
630,2,1,0,Sfax
700,5,1,0,Sfax
600,3,1,0,Sfax
250,3,1,90,Sfax
750,5,1,140,Sfax
600,4,1,120,Sfax
300,3,1,90,Sfax
700,4,2,120,Sfax
600,3,1,110,Sfax
650,3,1,0,Sfax
420,3,1,90,Sfax
400,3,1,70,Sfax
1000,3,1,90,Sfax
1100,3,1,100,Sfax
750,3,1,100,Sfax
750,3,1,90,Sfax
400,3,1,90,Sfax
1100,3,1,100,Sfax
1200,4,1,120,Sfax
300,3,1,100,Sfax
550,3,1,100,Sfax
500,3,1,100,Sfax
850,3,1,100,Sfax
470,3,1,100,Sfax
250,1,1,50,Sfax
1200,3,1,100,Sfax
900,3,1,100,Sfax
650,3,1,100,Sfax
300,2,1,70,Sfax
600,2,1,65,Sfax
650,4,1,140,Sfax
550,3,1,100,Sfax
450,3,1,90,Sfax
420,4,1,150,Sfax
450,3,1,100,Sfax
680,3,1,100,Sfax
550,3,1,100,Sfax
600,3,1,100,Sfax
540,3,1,100,Sfax
1150,4,1,140,Sfax
600,4,1,110,Sfax
500,4,1,100,Sfax
750,4,1,120,Sfax
220,1,1,40,Sfax
250,1,1,50,Sfax
1200,4,1,120,Sfax
350,2,1,70,Sfax
480,4,1,140,Sfax
300,1,1,40,Sfax
950,3,1,100,Sfax
1300,4,1,140,Sfax
570,3,1,100,Sfax
660,3,1,90,Sfax
400,3,1,140,Sfax
850,3,1,100,Sfax
280,2,1,65,Sfax
600,3,1,90,Sfax
700,3,1,100,Sfax
670,3,1,90,Sfax
500,4,1,120,Sfax
950,3,2,160,Sfax
650,4,1,120,Sfax
480,3,1,100,Sfax
350,1,1,40,Sfax
600,3,1,90,Sfax
650,3,1,100,Sfax
420,3,1,100,Sfax
300,3,1,0,Sfax
350,3,1,100,Sfax
500,2,1,90,Sfax
600,3,1,90,Sfax
500,4,1,140,Sfax
600,3,1,90,Sfax
500,4,1,140,Sfax
370,2,1,60,Sfax
650,4,1,120,Sfax
320,2,1,70,Sfax
450,4,1,140,Sfax
450,4,1,140,Sfax
400,5,1,160,Sfax
500,3,1,100,Sfax
780,3,1,100,Sfax
600,3,1,90,Sfax
450,3,1,90,Sfax
850,2,1,70,Sfax
300,1,1,50,Sfax
300,2,1,70,Sfax
650,4,1,150,Sfax
350,3,1,0,Sfax
310,3,1,80,Sfax
1100,4,1,140,Sfax
1000,3,1,85,Sfax
1100,4,1,140,Sfax
700,4,1,120,Sfax
850,3,1,90,Sfax
850,3,1,108,Sfax
900,3,1,118,Sfax
650,5,1,140,Sfax
250,2,1,70,Sfax
500,2,1,70,Sfax
690,3,1,100,Sfax
900,4,1,120,Sfax
600,3,1,100,Sfax
350,2,1,60,Sfax
700,4,1,120,Sfax
450,3,1,100,Sfax
350,2,1,60,Sfax
530,4,1,140,Sfax
600,2,1,70,Sfax
330,3,1,100,Sfax
530,3,1,100,Sfax
420,4,1,120,Sfax
1100,4,1,140,Sfax
600,3,1,100,Sfax
360,3,1,140,Sfax
550,3,1,90,Sfax
850,2,1,70,Sousse
950,3,1,100,Sousse
850,4,1,140,Sousse
540,2,1,70,Sousse
450,3,1,100,Sousse
140,2,1,70,Sousse
750,2,1,100,Sousse
350,3,1,100,Sousse
550,3,1,100,Sousse
750,3,1,100,Sousse
140,2,1,70,Sousse
720,3,1,100,Sousse
550,1,1,40,Sousse
800,2,1,70,Sousse
170,3,1,80,Sousse
1000,3,1,100,Sousse
450,3,1,100,Sousse
1000,2,1,60,Sousse
1600,4,1,140,Sousse
1250,3,1,90,Sousse
1000,4,1,120,Sousse
800,3,1,0,Sousse
550,2,1,0,Sousse
900,3,1,0,Sousse
600,3,1,0,Sousse
400,3,1,100,Sousse
1050,3,1,100,Sousse
1500,3,1,90,Sousse
900,2,1,60,Sousse
800,3,1,90,Sousse
730,4,1,200,Sousse
500,3,1,90,Sousse
1000,4,1,142,Sousse
550,4,1,120,Sousse
700,3,1,90,Sousse
780,4,1,120,Sousse
1000,3,1,90,Sousse
1100,3,1,90,Sousse
1500,4,1,120,Sousse
350,2,1,60,Sousse
500,2,1,60,Sousse
500,2,1,60,Sousse
700,3,1,90,Sousse
780,120,1,4,Sousse
500,3,1,60,Sousse
650,4,1,120,Sousse
1000,3,1,90,Sousse
1500,4,1,120,Sousse
400,2,1,60,Sousse
400,3,1,90,Sousse
500,2,1,60,Sousse
500,2,1,60,Sousse
1000,4,1,120,Sousse
1000,4,1,120,Sousse
1200,5,1,120,Sousse
950,2,1,60,Sousse
800,4,1,120,Sousse
650,4,1,120,Sousse
800,3,1,90,Sousse
600,3,1,90,Sousse
650,3,1,90,Sousse
600,3,1,90,Sousse
550,3,1,90,Sousse
750,4,1,140,Sousse
800,4,1,0,Sousse
400,3,1,100,Sousse
800,4,1,140,Sousse
1000,3,1,100,Sousse
650,3,1,90,Sousse
720,3,1,100,Sousse
570,3,1,0,Sousse
600,3,1,90,Sousse
350,2,1,70,Sousse
230,2,1,73,Sousse
1300,4,1,120,Sousse
450,3,1,100,Sousse
650,3,1,100,Sousse
270,2,1,60,Sousse
690,3,1,100,Sousse
700,4,1,120,Sousse
330,2,1,0,Sousse
370,2,1,90,Sousse
700,3,1,90,Sousse
300,1,1,50,Sousse
500,4,1,120,Sousse
400,3,1,100,Sousse
500,3,1,100,Sousse
360,3,1,100,Sousse
550,3,1,100,Sousse
400,1,1,40,Sousse
450,4,1,120,Sousse
650,3,1,90,Sousse
650,3,1,90,Sousse
450,2,1,60,Sousse
400,2,1,60,Sousse
800,1,140,141,Sousse
500,3,2,100,Sousse
450,1,1,50,Sousse
600,4,1,120,Sousse
350,3,1,90,Sousse
350,2,1,60,Sousse
450,4,1,120,Sousse
820,4,1,120,Sousse
650,3,1,100,Sousse
400,3,1,100,Sousse
350,2,1,70,Sousse
390,4,1,120,Sousse
350,2,1,70,Sousse
550,4,1,140,Sousse
320,2,1,90,Sousse
500,2,1,70,Sousse
500,2,1,60,Sousse
350,2,1,60,Sousse
650,3,1,90,Sousse
1000,3,1,90,Sousse
900,3,1,100,Sousse
450,3,1,100,Sousse
400,3,1,100,Sousse
450,4,1,140,Sousse
600,2,1,70,Sousse
650,3,1,100,Sousse
400,3,1,90,Sousse
1100,3,1,100,Tunis
500,3,1,90,Tunis
650,3,1,90,Tunis
400,3,1,90,Tunis
450,3,1,90,Tunis
600,3,1,73,Tunis
550,2,1,70,Tunis
850,4,1,140,Tunis
1350,3,1,101,Tunis
650,3,1,100,Tunis
320,2,1,40,Tunis
850,4,1,120,Tunis
850,2,1,70,Tunis
550,3,1,110,Tunis
650,3,1,100,Tunis
560,3,1,100,Tunis
650,3,1,100,Tunis
700,3,1,100,Tunis
350,1,1,40,Tunis
600,3,1,100,Tunis
1200,5,2,140,Tunis
700,3,1,90,Tunis
230,2,1,70,Tunis
900,5,1,170,Tunis
550,3,1,100,Tunis
600,2,1,90,Tunis
1200,4,1,140,Tunis
950,3,1,100,Tunis
450,4,1,140,Tunis
850,3,1,100,Tunis
350,2,1,70,Tunis
500,3,1,100,Tunis
780,3,1,100,Tunis
450,2,1,40,Tunis
430,1,1,40,Tunis
400,2,1,70,Tunis
950,3,1,110,Tunis
750,4,1,140,Tunis
250,2,1,60,Tunis
430,2,1,70,Tunis
750,3,1,100,Tunis
380,3,1,90,Tunis
650,3,1,100,Tunis
950,2,1,70,Tunis
700,3,1,90,Tunis
150,2,1,70,Tunis
1400,3,1,100,Tunis
590,1,1,100,Tunis
900,3,1,100,Tunis
650,2,1,70,Tunis
350,2,1,70,Tunis
900,2,1,70,Tunis
600,3,1,100,Tunis
850,2,1,70,Tunis
950,4,2,120,Tunis
730,3,1,100,Tunis
1450,3,1,90,Tunis
450,3,1,90,Tunis
500,3,1,90,Tunis
450,3,1,100,Tunis
930,3,1,90,Tunis
360,2,0,60,Tunis
1200,4,1,120,Tunis
1500,4,1,120,Tunis
850,3,1,90,Tunis
120,20,1,60,Tunis
800,2,1,60,Tunis
550,4,1,140,Tunis
450,2,1,70,Tunis
500,3,1,90,Tunis
2500,4,1,140,Tunis
250,2,1,70,Tunis
1100,3,1,100,Tunis
900,2,1,70,Tunis
650,4,1,140,Tunis
950,2,1,70,Tunis
1150,3,1,100,Tunis
1850,3,1,100,Tunis
800,4,1,140,Tunis
800,2,1,90,Tunis
140,2,1,65,Tunis
1650,3,2,130,Tunis
140,2,1,70,Tunis
1600,4,1,140,Tunis
1000,4,1,140,Tunis
1100,3,1,100,Tunis
750,3,1,100,Tunis
400,1,1,50,Tunis
400,2,1,70,Tunis
1800,3,1,100,Tunis
700,3,1,100,Tunis
1500,3,1,100,Tunis
1350,4,2,140,Tunis
500,3,1,100,Tunis
1000,4,1,140,Tunis
1100,2,1,70,Tunis
470,2,1,70,Tunis
1300,4,1,140,Tunis
1100,2,1,70,Tunis
1500,3,1,100,Tunis
700,4,1,140,Tunis
1800,3,1,100,Tunis
2500,5,3,160,Tunis
1100,2,1,70,Tunis
500,2,1,70,Tunis
700,4,1,140,Tunis
600,3,1,100,Tunis
550,3,1,100,Tunis
170,4,1,100,Tunis
1350,4,1,140,Tunis
450,1,1,70,Tunis
980,3,1,130,Tunis
950,2,1,70,Tunis
950,2,1,70,Tunis
1300,3,1,100,Tunis
400,2,1,80,Tunis
500,1,1,40,Tunis
950,2,1,70,Tunis
420,3,1,100,Tunis
850,2,1,70,Tunis
1100,3,1,100,Tunis
330,2,1,80,Tunis
370,2,1,70,Tunis
270,2,1,80,Tunis
1300,2,1,65,Tunis
950,3,1,90,Tunis
400,2,1,90,Tunis
1300,3,1,110,Tunis
500,2,1,60,Tunis
1000,3,1,100,Tunis
650,3,1,0,Tunis
750,3,1,0,Tunis
1200,2,1,90,Tunis
800,3,1,120,Tunis
480,3,1,0,Tunis
1000,2,1,0,Tunis
400,2,1,0,Tunis
200,1,1,0,Tunis
1400,2,1,0,Tunis
800,3,1,0,Tunis
1400,6,1,0,Tunis
700,3,1,0,Tunis
500,4,1,0,Tunis
480,2,1,0,Tunis
850,3,1,0,Tunis
950,3,1,0,Tunis
600,3,1,0,Tunis
350,2,1,60,Tunis
2100,3,2,102,Tunis
650,4,1,110,Tunis
550,2,1,90,Tunis
1100,3,1,102,Tunis
400,3,0,80,Tunis
270,2,1,60,Tunis
500,3,1,90,Tunis
800,3,1,90,Tunis
1200,3,1,90,Tunis
650,5,1,120,Tunis
950,3,1,90,Tunis
1000,4,1,120,Tunis
1300,3,1,100,Tunis
950,2,1,60,Tunis
950,2,1,60,Tunis
700,2,1,60,Tunis
1100,3,1,90,Tunis
800,2,1,60,Tunis
1000,3,1,90,Tunis
1000,2,1,60,Tunis
1100,3,1,90,Tunis
900,2,1,60,Tunis
700,2,1,62,Tunis
900,3,1,97,Tunis
1200,2,1,60,Tunis
850,2,1,60,Tunis
1500,3,1,73,Tunis
1500,2,1,88,Tunis
1400,4,1,120,Tunis
1160,3,1,90,Tunis
950,2,1,60,Tunis
1200,3,1,90,Tunis
1550,3,1,90,Tunis
100,2,1,70,Tunis
500,3,1,90,Tunis
2500,4,1,120,Tunis
1550,3,1,90,Tunis
320,3,1,90,Tunis
700,3,1,90,Tunis
1450,3,1,90,Tunis
1400,2,1,60,Tunis
4000,5,1,140,Tunis
900,4,1,120,Tunis
2000,5,1,140,Tunis
1200,4,1,120,Tunis
1050,3,1,90,Tunis
1100,3,1,90,Tunis
4000,5,1,140,Tunis
2500,3,1,90,Tunis
1500,4,1,120,Tunis
850,2,1,60,Tunis
1800,4,1,120,Tunis
600,4,1,120,Tunis
1500,3,1,90,Tunis
1250,3,1,90,Tunis
270,2,1,60,Tunis
540,3,1,90,Tunis
1600,3,1,90,Tunis
1200,5,1,140,Tunis
350,2,1,60,Tunis
650,4,1,120,Tunis
750,4,1,120,Tunis
600,3,1,90,Tunis
1500,3,1,90,Tunis
1250,4,2,120,Tunis
800,4,1,120,Tunis
1400,4,1,120,Tunis
1600,3,1,90,Tunis
900,2,1,60,Tunis
1650,4,1,110,Tunis
900,2,1,60,Tunis
1200,3,1,90,Tunis
450,3,1,90,Tunis
450,3,1,80,Tunis
2600,4,1,120,Tunis
1800,4,1,190,Tunis
600,2,1,60,Tunis
500,2,1,60,Tunis
1300,4,1,120,Tunis
1000,3,1,90,Tunis
1100,3,1,90,Tunis
2000,4,1,120,Tunis
1200,3,1,90,Tunis
850,3,1,90,Tunis
1000,3,1,90,Tunis
1000,2,1,117,Tunis
1400,4,1,134,Tunis
900,3,1,90,Tunis
1100,2,1,60,Tunis
1100,4,1,120,Tunis
1100,4,1,120,Tunis
980,2,1,60,Tunis
950,4,1,120,Tunis
1000,2,1,80,Tunis
950,2,1,60,Tunis
1100,2,1,60,Tunis
950,2,1,60,Tunis
1700,5,1,140,Tunis
1250,3,1,90,Tunis
1350,2,1,67,Tunis
1600,3,1,90,Tunis
480,3,1,90,Tunis
1470,3,1,90,Tunis
1400,4,1,120,Tunis
2200,4,1,120,Tunis
1300,4,1,120,Tunis
1400,5,1,140,Tunis
1400,3,1,120,Tunis
1650,4,1,120,Tunis
800,3,1,104,Tunis
720,5,5,12,Tunis
950,2,1,60,Tunis
450,3,1,90,Tunis
1200,3,1,90,Tunis
750,750,1,2,Tunis
850,3,1,90,Tunis
900,3,1,90,Tunis
1100,2,1,60,Tunis
1000,5,1,200,Tunis
1200,4,1,120,Tunis
1350,3,1,102,Tunis
1100,2,1,60,Tunis
1000,3,1,90,Tunis
500,2,1,60,Tunis
1000,3,1,90,Tunis
650,3,1,90,Tunis
1250,4,1,120,Tunis
800,3,1,90,Tunis
900,3,1,90,Tunis
1400,4,1,120,Tunis
1100,3,1,90,Tunis
800,1,1,50,Tunis
650,4,1,110,Tunis
1000,4,1,120,Tunis
28,2,1,58,Tunis
500,2,1,60,Tunis
350,3,1,90,Tunis
360,3,1,90,Tunis
280,1,1,50,Tunis
350,2,1,60,Tunis
390,2,1,20,Tunis
1800,3,1,90,Tunis
420,3,1,90,Tunis
1400,3,1,90,Tunis
650,3,1,100,Tunis
720,4,1,4,Tunis
350,2,1,60,Tunis
350,2,1,60,Tunis
480,3,1,90,Tunis
800,4,1,120,Tunis
320,2,1,60,Tunis
700,3,1,95,Tunis
300,2,1,60,Tunis
780,3,1,100,Tunis
380,3,1,90,Tunis
600,4,1,180,Tunis
550,3,1,90,Tunis
850,3,1,100,Tunis
700,1,1,50,Tunis
380,3,1,90,Tunis
500,3,1,70,Tunis
1000,4,1,120,Tunis
800,1,1,60,Tunis
600,4,1,100,Tunis
750,3,1,90,Tunis
600,3,1,100,Tunis
850,3,1,100,Tunis
900,4,1,120,Tunis
350,2,1,70,Tunis
400,2,1,60,Tunis
700,2,1,70,Tunis
500,3,1,70,Tunis
1200,3,1,90,Tunis
400,1,1,40,Tunis
380,1,1,40,Tunis
650,3,1,90,Tunis
320,3,1,90,Tunis
850,4,1,170,Tunis
850,3,1,90,Tunis
400,2,1,30,Tunis
300,2,1,60,Tunis
1300,4,2,150,Tunis
500,2,1,60,Tunis
500,1,1,40,Tunis
300,3,1,110,Tunis
600,3,1,100,Tunis
500,3,1,100,Tunis
450,3,1,100,Tunis
550,3,1,100,Tunis
250,2,1,70,Tunis
550,3,1,90,Tunis
800,3,1,80,Tunis
250,1,1,50,Tunis
450,2,1,60,Tunis
550,2,1,60,Tunis
600,3,1,101,Tunis
650,3,1,100,Tunis
950,3,1,120,Tunis
2300,3,2,95,Tunis
800,2,1,70,Tunis
1000,4,1,120,Tunis
700,3,1,90,Tunis
700,3,1,100,Tunis
570,2,1,60,Tunis
800,3,1,100,Tunis
850,3,1,90,Tunis
750,3,1,100,Tunis
450,2,1,60,Tunis
900,2,1,70,Tunis
400,3,1,90,Tunis
650,4,1,120,Tunis
400,3,1,90,Tunis
550,3,1,90,Tunis
1300,3,1,90,Tunis
850,2,1,60,Tunis
720,2,1,60,Tunis
450,1,1,40,Tunis
650,3,1,80,Tunis
750,3,1,100,Tunis
500,2,1,70,Tunis
520,3,1,70,Tunis
270,2,1,60,Tunis
550,1,1,70,Tunis
750,3,1,90,Tunis
600,2,1,70,Tunis
850,3,1,90,Tunis
600,4,2,120,Tunis
400,3,1,90,Tunis
850,4,1,140,Tunis
490,2,1,60,Tunis
550,4,1,140,Tunis
850,2,1,70,Tunis
680,2,1,60,Tunis
850,3,1,100,Tunis
700,3,1,100,Tunis
400,2,1,40,Tunis
1000,3,1,100,Tunis
500,2,1,70,Tunis
450,3,1,90,Tunis
450,2,1,60,Tunis
550,3,1,70,Tunis
530,3,1,100,Tunis
650,3,1,100,Tunis
320,2,1,60,Tunis
1000,3,1,90,Tunis
520,3,1,90,Tunis
700,3,1,130,Tunis
600,2,1,70,Tunis
750,3,1,90,Tunis
400,2,1,60,Tunis
600,2,1,60,Tunis
350,3,1,90,Tunis
300,2,1,60,Tunis
300,3,1,90,Tunis
300,3,1,90,Tunis
250,2,1,70,Tunis
400,2,1,70,Tunis
550,3,1,100,Tunis
600,2,1,70,Tunis
330,1,1,50,Tunis
400,2,1,60,Tunis
400,3,1,90,Tunis
650,4,1,120,Tunis
800,3,1,80,Tunis
1000,4,1,122,Tunis
300,1,1,50,Tunis
500,2,1,60,Tunis
400,1,1,50,Tunis
700,3,1,90,Tunis
700,4,1,120,Tunis
850,2,1,70,Tunis
300,1,1,40,Tunis
350,1,1,50,Tunis
750,3,1,100,Tunis
750,3,1,90,Tunis
800,3,1,100,Tunis
400,2,1,60,Tunis
900,3,1,90,Tunis
650,3,1,100,Tunis
690,2,1,60,Tunis
370,1,1,5,Tunis
750,2,1,70,Tunis
450,3,1,90,Tunis
1200,3,1,90,Tunis
450,1,1,40,Tunis
850,2,1,70,Tunis
550,2,1,60,Tunis
950,2,1,60,Tunis
450,2,1,60,Tunis
1100,2,1,70,Tunis
600,2,1,60,Tunis
750,4,1,120,Tunis
780,3,1,100,Tunis
450,1,1,70,Tunis
500,2,1,60,Tunis
450,2,1,60,Tunis
500,2,1,60,Tunis
500,1,1,40,Tunis
450,2,1,60,Tunis
900,5,1,140,Tunis
800,2,1,80,Tunis
850,3,1,90,Tunis
500,3,1,100,Tunis
970,3,1,90,Tunis
1650,2,1,80,Tunis
780,3,1,90,Tunis
650,2,1,90,Tunis
750,3,1,90,Tunis
800,2,1,60,Tunis
550,3,1,100,Tunis
1100,4,1,140,Tunis
750,2,1,70,Tunis
750,2,1,60,Tunis
750,4,2,120,Tunis
850,3,1,110,Tunis
900,4,1,90,Tunis
400,2,1,50,Tunis
350,2,1,70,Tunis
700,3,1,100,Tunis
430,3,1,100,Tunis
550,3,1,90,Tunis
500,2,1,70,Tunis
550,2,1,70,Tunis
450,2,1,50,Tunis
550,3,1,100,Tunis
550,2,1,60,Tunis
450,1,1,40,Tunis
1100,3,1,90,Tunis
380,2,1,60,Tunis
550,2,1,60,Tunis
500,2,1,60,Tunis
550,2,1,27,Tunis
700,3,1,100,Tunis
500,2,1,40,Tunis
500,3,1,90,Tunis
1000,3,1,90,Tunis
1200,3,1,90,Tunis
300,1,1,40,Tunis
470,2,1,60,Tunis
680,3,1,90,Tunis
400,2,1,110,Tunis
250,2,1,60,Tunis
600,2,1,60,Tunis
1150,2,1,60,Tunis
400,2,1,60,Tunis
580,4,1,140,Tunis
1250,3,1,90,Tunis
1200,3,1,90,Tunis
800,3,1,90,Tunis
500,2,1,70,Tunis
280,1,1,50,Tunis
1850,3,1,100,Tunis
600,4,1,120,Tunis
350,2,1,60,Tunis
350,3,1,40,Tunis
630,3,1,90,Tunis
650,1,1,50,Tunis
700,3,1,100,Tunis
750,2,1,70,Tunis
750,2,1,60,Tunis
420,3,1,90,Tunis
420,3,1,90,Tunis
650,5,1,180,Tunis
500,3,1,90,Tunis
1400,4,1,120,Tunis
1300,4,1,110,Tunis
700,2,1,60,Tunis
980,3,1,90,Tunis
400,2,1,70,Tunis
530,2,1,60,Tunis
550,2,1,100,Tunis
550,2,1,60,Tunis
600,3,1,90,Tunis
550,2,1,60,Tunis
450,3,1,120,Tunis
600,2,1,60,Tunis
550,2,1,70,Tunis
450,2,1,70,Tunis
500,3,1,90,Tunis
500,2,1,90,Tunis
400,2,1,70,Tunis
770,3,1,100,Tunis
550,3,1,90,Tunis
400,2,1,60,Tunis
600,4,1,120,Tunis
500,2,1,60,Tunis
350,2,1,100,Tunis
620,2,1,60,Tunis
450,2,1,70,Tunis
380,2,1,60,Tunis
650,3,1,90,Tunis
1300,3,1,100,Tunis
600,2,1,70,Tunis
550,2,1,60,Tunis
1000,3,1,90,Tunis
900,4,1,120,Tunis
700,3,1,100,Tunis
600,3,1,90,Tunis
630,3,1,100,Tunis
380,2,1,60,Tunis
460,2,1,70,Tunis
600,3,1,100,Tunis
900,3,1,90,Tunis
500,3,1,90,Tunis
550,3,1,100,Tunis
600,4,1,120,Tunis
550,4,1,120,Tunis
450,2,1,60,Tunis
1200,4,1,120,Tunis
750,3,1,100,Tunis
1300,2,1,112,Tunis
500,2,1,60,Tunis
500,2,1,70,Tunis
590,4,1,110,Tunis
250,2,1,60,Tunis
1150,3,1,100,Tunis
1300,3,1,100,Tunis
990,2,1,70,Tunis
750,2,1,60,Tunis
800,2,1,70,Tunis
800,2,1,60,Tunis
1000,3,1,90,Tunis
1050,2,1,90,Tunis
900,2,1,65,Tunis
1500,3,1,90,Tunis
1300,3,1,92,Tunis
1100,3,1,90,Tunis
1100,2,1,60,Tunis
850,2,1,70,Tunis
1150,3,1,90,Tunis
1250,3,1,90,Tunis
830,2,1,60,Tunis
1000,2,1,60,Tunis
1300,3,1,90,Tunis
1100,2,1,70,Tunis
400,2,1,60,Tunis
450,3,1,90,Tunis
650,2,1,60,Tunis
1000,4,1,140,Tunis
500,3,1,100,Tunis
550,3,1,90,Tunis
580,2,1,60,Tunis
430,3,1,90,Tunis
450,3,1,100,Tunis
520,3,1,90,Tunis
1200,3,1,90,Tunis
500,2,1,90,Tunis
300,2,1,60,Tunis
550,1,1,40,Tunis
450,2,1,70,Tunis
850,2,1,58,Tunis
450,2,1,60,Tunis
1100,4,1,120,Tunis
730,3,1,90,Tunis
400,2,1,40,Tunis
950,2,1,100,Tunis
950,3,1,100,Tunis
1200,4,2,120,Tunis
500,2,1,60,Tunis
530,3,1,90,Tunis
480,3,1,100,Tunis
380,2,1,60,Tunis
500,3,1,90,Tunis
850,2,1,60,Tunis
260,1,1,50,Tunis
750,3,1,100,Tunis
700,3,1,90,Tunis
300,2,1,70,Tunis
400,1,1,50,Tunis
420,2,1,60,Tunis
750,2,1,70,Tunis
350,2,1,70,Tunis
800,2,1,60,Tunis
350,2,1,60,Tunis
500,2,1,90,Tunis
1000,4,1,120,Tunis
750,4,1,120,Tunis
450,4,1,100,Tunis
900,4,1,140,Tunis
1000,2,1,70,Tunis
950,2,1,60,Tunis
320,2,1,50,Tunis
260,2,1,70,Tunis
